OLD,NEW
About,https://www.jwine.com/the-vineyards
About/History,https://www.jwine.com/the-vineyards
About/Judy-Jordan-Founder,https://www.jwine.com/the-vineyards
About/Our-Vineyards,https://www.jwine.com/the-vineyards
About/Our-Vineyards/Back-Door-Vineyard,https://www.jwine.com/the-vineyards
About/Our-Vineyards/Bow-Tie-Vineyard,https://www.jwine.com/the-winery/bow-tie
About/Our-Vineyards/Canfield-Vineyard,https://www.jwine.com/the-winery/canfield
About/Our-Vineyards/Cooper-Vineyard,https://www.jwine.com/the-winery/cooper-vineyard
About/Our-Vineyards/Nicoles-Vineyard,https://www.jwine.com/the-vineyards
About/Our-Vineyards/Nonnys-Vineyard,https://www.jwine.com/the-vineyards
About/Our-Vineyards/River-Road-Vineyard,https://www.jwine.com/the-vineyards
About/Our-Vineyards/Robert-Thomas-Vineyard,https://www.jwine.com/the-vineyards
About/Our-Vineyards/Teardrop-Vineyard,https://www.jwine.com/the-vineyards
About/Russian-River-AVA,https://www.jwine.com/About/Russian-River-AVA
About/Sustainable-Practices,https://www.jwine.com/About/Sustainable-Practices
About/Vineyard-Practices,https://www.jwine.com/About/Vineyard-Practices
About/Vineyard-Practices/Clones,https://www.jwine.com/About/Vineyard-Practices/Clones
About/Vineyard-Practices/Rootstocks,https://www.jwine.com/About/Vineyard-Practices/Rootstocks
About/Vineyard-Practices/Trellising,https://www.jwine.com/About/Vineyard-Practices/Trellising
Events,https://www.jwine.com/visit/events
Find-Our-Wines,https://www.jwine.com/store-locator
News/Press-Releases,https://www.jwine.com/
News/Reviews,https://www.jwine.com/
Recipes,https://www.jwine.com/
Shipping,https://www.jwine.com/
Shop,https://www.jwine.com/shop/all
Shop/Collections,https://www.jwine.com/shop/all
Shop/Gift-Sets,https://www.jwine.com/shop/all
Shop/Lifestyle,https://www.jwine.com/shop/all
Shop/Lifestyle/Boutique,https://www.jwine.com/shop/boutique
Shop/Varietal,https://www.jwine.com/shop/wines
Terms-and-Conditions,https://www.jwine.com/legal/use-agreement
Trade-and-Media,https://www.jwine.com/
Trade-and-Media/Chardonnay,https://www.jwine.com/
Trade-and-Media/General-Information,https://www.jwine.com/
Trade-and-Media/Marketing-Tools,https://www.jwine.com/
Trade-and-Media/Pinot-Gris,https://www.jwine.com/
Trade-and-Media/Pinot-Noir,https://www.jwine.com/
Trade-and-Media/Sparkling,https://www.jwine.com/
Trade-and-Media/Vin-Gris,https://www.jwine.com/
Visit/Legacy-Tasting,https://www.jwine.com/visit/j-legacy-tasting
Visit/Map-and-Directions,https://www.jwine.com/visit
Visit/Private-Events,https://www.jwine.com/visit
Visit/Signature-Tasting,https://www.jwine.com/visit/j-signature-tasting
Visit/Terrace,https://www.jwine.com/visit
Visit/Tour,https://www.jwine.com/visit/j-tour-tasting
Wine-Club/Choose-Your-Club,https://www.jwine.com/wine-club/compare
Wine-Club/Exclusive-Events,https://www.jwine.com/wine-club
Wine-Club/FAQ,https://www.jwine.com/wine-club
Wine-Club/J-Elegance-Club,https://www.jwine.com/wine-club/level/elegance
Wine-Club/J-Experience-Club,https://www.jwine.com/wine-club/level/experience
Wine-Club/J-Expression-Club,https://www.jwine.com/wine-club
Wine-Club/J-Luxe-Club,https://www.jwine.com/wine-club/level/luxe
Wine-Club/J-Signature-Club,https://www.jwine.com/wine-club/level/signature
Wine-Club/Policies,https://www.jwine.com/wine-club
Wine-Club/Shipment-Schedule,https://www.jwine.com/wine-club/shipment-schedule
Wines/Chardonnay,https://www.jwine.com/wines/white
Wines/Chardonnay/J-Chardonnay-Barrel-16,https://www.jwine.com/wines/J-Chardonnay-Barrel-16-2016
Wines/Chardonnay/J-Chardonnay-Bow-Tie,https://www.jwine.com/wines/Chardonnay/2016-J-Chardonnay-Bow-Tie-Vineyard
Wines/Chardonnay/J-Chardonnay-Russian-River-Valley,https://www.jwine.com/wines/Chardonnay/2016-J-Chardonnay-Russian-River-Valley
Wines/Chardonnay/J-Chardonnay-STRATA,https://www.jwine.com/wines/Chardonnay/2016-J-Chardonnay-STRATA
Wines/Pinot-Gris,https://www.jwine.com/wines/white
Wines/Pinot-Gris/J-Pinot-Gris-California,https://www.jwine.com/wines/2017-J-Pinot-Gris-California
Wines/Pinot-Gris/J-Pinot-Gris-Cooper-Vineyard,https://www.jwine.com/wines/white
Wines/Pinot-Gris/J-Pinot-Gris-Russian-River-Valley,https://www.jwine.com/wines/white
Wines/Pinot-Noir,https://www.jwine.com/wines/red
Wines/Pinot-Noir/J-Pinot-Noir-Barrel-16-Russian-River-Valley,https://www.jwine.com/wines/2015-J-Pinot-Noir-Barrel-16-Russian-River-Valley
Wines/Pinot-Noir/J-Pinot-Noir-Bow-Tie-Vineyard,https://www.jwine.com/wines/2015-J-Pinot-Noir-Bow-Tie-Vineyard
Wines/Pinot-Noir/J-Pinot-Noir-Freestone-Hill-Vineyard,https://www.jwine.com/wines/red
Wines/Pinot-Noir/J-Pinot-Noir-Misterra,https://www.jwine.com/wines/red
Wines/Pinot-Noir/J-Pinot-Noir-Nicoles-Vineyard,https://www.jwine.com/wines/red
Wines/Pinot-Noir/J-Pinot-Noir-Nonnys-Vineyard,https://www.jwine.com/wines/red
Wines/Pinot-Noir/J-Pinot-Noir-Robert-Thomas-Vineyard,https://www.jwine.com/wines/red
Wines/Pinot-Noir/J-Pinot-Noir-Russian-River-Valley,https://www.jwine.com/wines/2015-J-Pinot-Noir-Barrel-16-Russian-River-Valley
Wines/Pinot-Noir/J-Pinot-Noir-Sonoma-Coast,https://www.jwine.com/wines/red
Wines/Pinot-Noir/J-Pinot-Noir-STRATA,https://www.jwine.com/wines/2016-J-Pinot-Noir-STRATA
Wines/Sparkling,https://www.jwine.com/wines/sparkling
Wines/Sparkling/J-Bin-1008-Brut-NV,https://www.jwine.com/wines/sparkling
Wines/Sparkling/J-Brut-Rose,https://www.jwine.com/wines/J-2014-Vintage-Brut-Rose
Wines/Sparkling/J-Cuvee-20-Brut-NV,https://www.jwine.com/wines/J-Cuvee-20-Brut-NV
Wines/Sparkling/J-Cuvee-20-Brut-NV-Magnum,https://www.jwine.com/wines/J-Cuvee-20-Magnum
Wines/Sparkling/J-Cuvee-XB-NV,https://www.jwine.com/wines/J-Cuvee-XB-Extra-Brut-NV
Wines/Sparkling/J-Vintage-Brut,https://www.jwine.com/wines/sparkling
Wines/Sparkling/J-Vintage-Brut-LD,https://www.jwine.com/wines/sparkling
Wines/Specialty,https://www.jwine.com/wines/unique-varietals
Wines/Specialty/Ratafia-Dessert-Wine,https://www.jwine.com/wines/J-Ratafia
Wines/Unique-Varietals,https://www.jwine.com/wines/unique-varietals
Wines/Unique-Varietals/J-Pinotage-Russian-River-Valley,https://www.jwine.com/wines
Wines/Unique-Varietals/J-Pinot-Meunier-Russian-River-Valley,https://www.jwine.com/wines
Wines/Unique-Varietals/J-Vin-Gris-Russian-River-Valley,https://www.jwine.com/wines
Wines/Unique-Varietals/J-Viognier-Hoot-Owl-Vineyard,https://www.jwine.com/wines
blog,https://www.jwine.com
Shop/Sparkling,https://www.jwine.com/wines/sparkling
newsletter.htm?_ga=2.268019278.1183034986.1553100644-578165756.1553100644,https://www.jwine.com/newsletter
profile.ams?_ga=2.32681470.1183034986.1553100644-578165756.1553100644,https://www.jwine.com/login
chgall.ams,https://www.jwine.com/cart
Site-Map,https://www.jwine.com/sitemap.xml